Region,Date,Confirmed Cases,New Confirmed Cases,New Confirmed Cases - 7 Day Avg,New Confirmed Cases - 7 Day Avg Rate,Probable Cases,Total Cases,New Cases,New Cases - 7 Day Avg,New Cases - 7 Day Avg Rate,Recovered_Tot_Old,Recovered_New_Old,Recovered_Tot,Recovered_New,Cases_Past14Days,Hospitalized_Tot,Hospitalized_New,NewHosp_7day,NewHosp_Rate,Deaths_Tot,Deaths_New,NewDeaths_7day,NewDeaths_Rate,Infection Death Rate,Most Recent Date
State,3/6/2020,1,1,,,,,,,,,,,,,,,,,,,,,,
State,3/7/2020,1,0,,,,,,,,,,,,,,,,,,,,,,
State,3/8/2020,2,1,,,,,,,,,,,,,,,,,,,,,,
State,3/9/2020,2,0,,,,,,,,,,,,,,,,,,,,,,
State,3/10/2020,2,0,,,,,,,,,,,,,,,,,,,,,,
State,3/11/2020,2,0,,,,,,,,,,,,,,,,,,,,,,
State,3/12/2020,2,0,0.3,,,,,,,,,,,,,,,,,,,,,
State,3/13/2020,2,0,0.1,,,,,,,,,,,,,,,,,,,,,
State,3/14/2020,4,2,0.4,,,,,,,,,,,,,,,,,,,,,
State,3/15/2020,7,3,0.7,0.1,,,,,,,,,,,,,,,,,,,,
State,3/16/2020,10,3,1.1,0.1,,,,,,,,,,,,,,,,,,,,
State,3/17/2020,14,4,1.7,0.1,,,,,,,,,,,,,,,,,,,,
State,3/18/2020,16,2,2,0.1,,,,,,,,,,,,,,,,,,,,
State,3/19/2020,26,10,3.4,0.2,,,,,,,,,,,,,,,,,,,,
State,3/20/2020,37,11,5,0.4,,,,,,,,,,,,,,,,,,,,
State,3/21/2020,48,11,6.3,0.4,,,,,,,,,,,,,,,,,,,,
State,3/22/2020,56,8,7,0.5,,,,,,,,,,,,,,,,,,,,
State,3/23/2020,77,21,9.6,0.7,,,,,,,,,,,4,1,,,,,,,,
State,3/24/2020,90,13,10.9,0.8,,,,,,,,,,,6,2,,,,,,,,
State,3/25/2020,95,5,11.3,0.8,,,,,,,,,,,6,0,,,,,,,,
State,3/26/2020,106,11,11.4,0.8,,,,,,,,,,,6,0,,,,,,,,
State,3/27/2020,120,14,11.9,0.8,,,,,,36,,36,,,8,2,,,,,,,,
State,3/28/2020,151,31,14.7,1,,,,,,39,3,39,3,,12,4,,,,,,,,
State,3/29/2020,175,24,17,1.2,,,,,,49,10,49,10,,12,0,1.3,,,,,,,
State,3/30/2020,204,29,18.1,1.3,,,,,,55,6,55,6,,12,0,1.1,,,,,,,
State,3/31/2020,224,20,19.1,1.3,,,,,,58,3,57,2,,13,1,1,,1,1,,,,
State,4/1/2020,258,34,23.3,1.6,,,,,,69,11,68,11,,15,2,1.3,,1,0,,,,
State,4/2/2020,285,27,25.6,1.8,,,,,,72,3,70,2,,15,0,1.3,,2,1,,,,
State,4/3/2020,319,34,28.4,2,,,,,,78,6,75,5,,18,3,1.4,,3,1,,,,
State,4/4/2020,351,32,28.6,2,,,,,,82,4,79,4,,19,1,1,,3,0,,,,
State,4/5/2020,371,20,28,2,,,,,,85,3,81,2,,21,2,1.3,,4,1,,,,
State,4/6/2020,387,16,26.1,1.8,,,,,,89,4,84,3,,26,5,2,,5,1,0.7,,,
State,4/7/2020,410,23,26.6,1.9,,,,,,113,24,108,24,,42,16,4.1,,5,0,0.6,,,
State,4/8/2020,435,25,25.3,1.8,,,,,,113,0,108,0,,42,0,3.9,,5,0,0.6,,,
State,4/9/2020,442,7,22.4,1.6,,,,,,251,138,245,137,,42,0,3.9,,6,1,0.6,,,
State,4/10/2020,464,22,20.7,1.5,,,,,,284,33,277,32,,42,0,3.4,,7,1,0.6,,,
State,4/11/2020,486,21,19.1,1.3,,,,,,300,16,292,15,,44,2,3.6,,8,1,0.7,,,
State,4/12/2020,499,13,18.1,1.3,,,,,,310,10,301,9,,44,0,3.3,,9,1,0.7,,,
State,4/13/2020,504,5,16.6,1.2,,,,,,315,5,306,5,,44,0,2.6,,9,0,0.6,,,
State,4/14/2020,517,13,15.1,1.1,,,,,,333,18,324,18,,45,1,0.4,,9,0,0.6,,,
State,4/15/2020,530,13,13.4,0.9,,,,,,359,26,350,26,,45,0,0.4,,9,0,0.6,,,
State,4/16/2020,541,11,11,1,,,,,,374,15,365,15,,45,0,0.4,0,9,0,0.4,0,0,
State,4/17/2020,553,12,12.6,0.9,,,,,,390,16,381,16,,48,3,0.9,0.1,9,0,0.3,0,0,
State,4/18/2020,574,21,12.6,0.9,,,,,,410,20,401,20,,51,3,1,0.1,9,0,0.1,0,0,
State,4/19/2020,580,6,11.6,0.8,,,,,,414,4,404,3,,52,1,1.1,0.1,10,1,0.1,0,0,
State,4/20/2020,584,4,11.4,0.8,,,,,,423,9,413,9,,55,3,1.6,0.1,10,0,0.1,0,0,
State,4/21/2020,586,2,9.9,0.7,,,,,,437,14,425,12,,56,1,1.6,0.1,12,2,0.4,0,0,
State,4/22/2020,592,6,8.9,0.6,,,,,,444,7,432,7,,63,7,2.6,0.2,12,0,0.4,0,0,
State,4/23/2020,596,4,7.9,0.6,,,,,,455,11,443,11,,63,0,2.6,0.2,12,0,0.4,0,0,
State,4/24/2020,601,5,6.9,0.5,,,,,,463,8,450,7,,67,4,2.7,0.2,13,1,0.6,0,0,
State,4/25/2020,604,3,4.3,0.3,,,,,,482,19,468,18,,68,1,2.4,0.2,14,1,0.7,0.1,0,
State,4/26/2020,606,2,3.7,0.3,,,,,,488,6,474,6,,68,0,2.3,0.2,14,0,0.6,0,0,
State,4/27/2020,607,1,3.3,0.2,,,,,,493,5,477,3,,68,0,1.9,0.1,16,2,0.9,0.1,0,
State,4/28/2020,609,2,3.3,0.2,,,,,,505,12,489,12,,69,1,1.9,0.1,16,0,0.6,0,0,
State,4/29/2020,613,4,3,0.2,,,,,,516,11,500,11,,69,0,0.9,0.1,16,0,0.6,0,0,
State,4/30/2020,618,5,3.1,0.2,,,,,,526,10,510,10,,70,1,1,0.1,16,0,0.6,0,0,
State,5/1/2020,619,1,2.6,0.2,,,,,,532,6,516,6,,72,2,0.7,0.1,16,0,0.4,0,0,
State,5/2/2020,620,0,2.1,0.2,,,,,,541,9,525,9,,72,0,0.6,0,16,0,0.3,0,0,
State,5/3/2020,620,0,1.9,0.1,,,,,,544,3,527,2,,73,1,0.7,0.1,17,1,0.4,0,0,
State,5/4/2020,621,1,1.9,0.1,,,,,,548,4,531,4,,73,0,0.7,0.1,17,0,0.1,0,0,
State,5/5/2020,625,4,2.1,0.2,,,,,,551,3,534,3,,73,0,0.6,0,17,0,0.1,0,0,
State,5/6/2020,626,1,1.7,0.1,,,,,,558,7,541,7,,74,1,0.7,0.1,17,0,0.1,0,0,
State,5/7/2020,629,3,1.4,0.1,,,,,,565,7,548,7,,74,0,0.6,0,17,0,0.1,0,0,
State,5/8/2020,629,0,1.3,0.1,,,,,,566,1,549,1,,81,7,1.3,0.1,17,0,0.1,0,0,
State,5/9/2020,631,3,1.7,0.1,,,,,,,,551,2,,81,0,1.3,0.1,17,0,0.1,0,0,
State,5/10/2020,632,1,1.9,0.1,,,,,,,,561,10,,81,0,1.1,0.1,17,0,0,0,0,
State,5/11/2020,634,2,2,0.1,,,,,,,,561,0,,81,0,1.1,0.1,17,0,0,0,0,
State,5/12/2020,635,1,1.6,0.1,,,,,,,,563,2,,81,0,1.1,0.1,17,0,0,0,0,
State,5/13/2020,638,2,1.7,0.1,,,,,,,,563,0,,81,0,1,0.1,17,0,0,0,0,
State,5/14/2020,637,0,1.3,0.1,,,,,,,,564,1,,81,0,1,0.1,17,0,0,0,0,
State,5/15/2020,638,1,1.4,0.1,,,,,,,,565,1,,81,0,0,0,17,0,0,0,0,
State,5/16/2020,639,2,1.3,0.1,,,,,,,,572,7,,82,1,0.1,0,17,0,0,0,0,
State,5/17/2020,640,1,1.3,0.1,,,,,,,,573,1,,82,0,0.1,0,17,0,0,0,0,
State,5/18/2020,640,0,1,0.1,,,,,,,,574,1,,82,0,0.1,0,17,0,0,0,0,
State,5/19/2020,641,1,1,0.1,,,,,,,,578,4,,82,0,0.1,0,17,0,0,0,0,
State,5/20/2020,643,2,1,0.1,,,,,,,,578,0,,82,0,0.1,0,17,0,0,0,0,
State,5/21/2020,647,4,1.6,0.1,,,,,,,,579,1,,83,1,0.3,0,17,0,0,0,0,
State,5/22/2020,642,0,1.4,0.1,,,,,,,,585,6,,84,1,0.4,0,17,0,0,0,0,
State,5/23/2020,643,1,1.3,0.1,,,,,,,,589,4,,84,0,0.3,0,17,0,0,0,0,
State,5/24/2020,643,0,1.1,0.1,,,,,,,,591,2,,84,0,0.3,0,17,0,0,0,0,
State,5/25/2020,643,0,1.1,0.1,,,,,,,,592,1,,83,0,0.3,0,17,0,0,0,0,
State,5/26/2020,643,0,1,0.1,,,,,,,,593,1,,83,0,0.3,0,17,0,0,0,0,
State,5/27/2020,644,1,0.9,0.1,,,,,,,,600,7,,83,0,0.3,0,17,0,0,0,0,
State,5/28/2020,647,3,0.7,0.1,,,,,,,,604,4,,83,0,0.1,0,17,0,0,0,0,
State,5/29/2020,649,3,1.1,0.1,,,,,,,,605,1,,83,0,0,0,17,0,0,0,0,
State,5/30/2020,651,3,1.4,0.1,,,,,,,,606,1,,83,0,0,0,17,0,0,0,0,
State,5/31/2020,652,1,1.6,0.1,,,,,,,,608,2,,83,0,0,0,17,0,0,0,0,
State,6/1/2020,652,0,1.6,0.1,,,,,,,,608,0,,83,0,0,0,17,0,0,0,0,
State,6/2/2020,653,1,1.7,0.1,,,,,,,,609,1,,83,0,#REF!,#REF!,17,0,0,0,0,
State,6/3/2020,653,1,1.7,0.1,,,,,,,,612,3,,83,0,#REF!,#REF!,17,0,0,0,0,
State,6/4/2020,655,2,1.6,0.1,,,,,,,,611,0,,83,0,#REF!,#REF!,17,0,0,0,0,
State,6/5/2020,664,9,2.4,0.2,,,,,,,,614,3,,83,0,#REF!,#REF!,17,0,0,0,0,
State,6/6/2020,673,9,3.3,0.2,,,,,,,,616,2,,83,0,#REF!,#REF!,17,0,0,0,0,
State,6/7/2020,675,2,3.4,0.2,,,,,,,,617,1,,84,1,#REF!,#REF!,17,0,0,0,0,
State,6/8/2020,676,1,3.6,0.3,,,,,,,,618,1,,84,0,#REF!,#REF!,17,0,0,0,0,
State,6/9/2020,682,6,4.3,0.3,,,,,,,,621,3,,84,0,#REF!,#REF!,17,0,0,0,0,
State,6/10/2020,685,4,4.7,0.3,,,,,,,,622,1,,85,1,0.3,0,17,0,0,0,0,
State,6/11/2020,692,7,5.4,0.4,,,,,,,,623,1,,86,1,0.4,0,17,0,0,0,0,
State,6/12/2020,706,15,6.3,0.4,,,,,,,,627,4,,87,1,0.6,0,17,0,0,0,0,
State,6/13/2020,723,17,7.4,0.5,,,,,,,,628,1,,89,2,0.9,0.1,17,0,0,0,0,
State,6/14/2020,728,5,7.9,0.6,,,,,,,,629,1,,91,2,1,0.1,17,0,0,0,0,
State,6/15/2020,736,8,8.9,0.6,,,,,,,,630,1,,91,0,1,0.1,17,0,0,0,0,
State,6/16/2020,740,4,8.6,0.6,,,,,,,,637,7,,92,1,1.1,0.1,17,0,0,0,0,
State,6/17/2020,744,4,8.6,0.6,,,,,,,,639,2,,95,3,1.4,0.1,17,0,0,0,0,
State,6/18/2020,762,18,10.1,0.7,,,,,,,,640,1,,95,0,1.3,0.1,17,0,0,0,0,
State,6/19/2020,789,27,11.9,0.8,,,,,,,,642,2,,96,1,1.3,0.1,17,0,0,0,0,
State,6/20/2020,803,14,11.4,0.8,,,,,,,,644,2,,96,0,1,0.1,17,0,0,0,0,
State,6/21/2020,814,11,12.3,0.9,,,,,,,,651,7,,97,1,0.9,0.1,17,0,0,0,0,
State,6/22/2020,816,4,11.7,0.8,,,,,,,,669,18,,99,2,1.1,0.1,17,0,0,0,0,
State,6/23/2020,819,3,11.6,0.8,,,,,,,,673,4,,104,5,1.7,0.1,17,0,0,0,0,
State,6/24/2020,835,16,13.3,0.9,,,,,,,,686,13,,105,1,1.4,0.1,17,0,0,0,0,
State,6/25/2020,850,15,12.9,0.9,,,,,,,,696,10,,109,4,2,0.1,17,0,0,0,0,
State,6/26/2020,866,16,11.3,0.8,,,,,,,,705,9,,109,0,1.9,0.1,17,0,0,0,0,
State,6/27/2020,872,6,10.1,0.7,,,,,,,,714,9,,110,1,2,0.1,18,1,0.1,0,0,
State,6/28/2020,899,27,12.4,0.9,,,,,,,,719,5,,111,1,2,0.1,18,0,0.1,0,0,
State,6/29/2020,899,1,12,0.8,,,,,,,,722,3,,111,0,1.7,0.1,18,0,0.1,0,0,
State,6/30/2020,917,18,14.1,1,,,,,,,,736,14,,113,2,1.3,0.6,18,0,0.1,0,0,
State,7/1/2020,926,9,13.1,0.9,,,,,,,,741,5,,116,3,1.6,0.1,18,0,0.1,0,0,
State,7/2/2020,946,20,13.9,1,,,,,,,,746,5,,116,0,1,0.1,18,0,0.1,0,0,
State,7/3/2020,975,29,15.7,1.1,,,,,,,,754,8,,118,2,1.3,0.1,19,1,0.3,0,0,
State,7/4/2020,998,24,18.3,1.3,,,,,,,,756,2,,118,0,1.1,0.1,19,0,0.1,0,0,
State,7/5/2020,1023,25,18,1.3,,,,,,,,777,21,,118,0,1,0.1,19,0,0.1,0,0,
State,7/6/2020,1030,7,18.9,1.3,,,,,,,,781,21,,119,1,1.1,0.1,19,0,0.1,0,0,
State,7/7/2020,1071,41,22.1,1.6,,,,,,,,797,16,,119,0,0.9,0.1,19,0,0.1,0,0,
State,7/8/2020,1094,23,24.1,1.7,,,,,,,,811,14,,122,3,0.9,0.1,19,0,0.1,0,0,
State,7/9/2020,1130,36,26.4,1.9,,,,,,,,840,29,,123,1,1,0.1,19,0,0.1,0,0,
State,7/10/2020,1158,28,26.3,1.8,,,,,,,,847,7,,125,2,1,0.1,19,0,0,0,0,
State,7/11/2020,1199,41,28.7,2,,,,,,,,872,25,,125,0,1,0.1,19,0,0,0,0,
State,7/12/2020,1220,21,28.1,2,,,,,,,,890,18,,125,0,1,0.1,19,0,0,0,0,
State,7/13/2020,1242,22,30.3,2.1,,,,,,,,911,21,,128,3,1.3,0.1,22,3,0.4,0,0,
State,7/14/2020,1263,21,27.4,1.9,,,,,,,,921,10,,133,5,2,0.1,22,0,0.4,0,0,
State,7/15/2020,1292,29,28.3,2,,,,,,,,951,30,,137,4,2.1,0.2,22,0,0.4,0,0,
State,7/16/2020,1311,19,25.9,1.8,,,,,,,,975,24,,138,1,2.1,0.2,22,0,0.4,0,0,
State,7/17/2020,1334,23,25.1,1.8,,,,,,,,994,19,,139,1,2,0.1,23,1,0.6,0,0,
State,7/18/2020,1354,20,22.1,1.6,,,,,,,,1019,25,,140,1,2.1,0.2,24,1,0.7,0.1,0,
State,7/19/2020,1381,28,23.1,1.6,,,,,,,,1043,24,,150,10,3.6,0.3,24,0,0.7,0.1,0,
State,7/20/2020,1393,12,21.7,1.5,,,,,,,,1057,14,,150,0,3.1,0.2,24,0,0.3,0,0,
State,7/21/2020,1418,25,22.3,1.6,,,,,,,,1083,26,,151,1,2.6,0.2,24,0,0.3,0,0,
State,7/22/2020,1435,17,20.6,1.4,,,,,,,,1113,30,,154,3,2.4,0.2,25,1,0.4,0,0,
State,7/23/2020,1490,55,25.7,1.8,,,,,,,,1125,12,,155,1,2.4,0.2,26,1,0.6,0,0,
State,7/24/2020,1549,59,30.9,2.2,,,,,,,,1148,23,,156,1,2.4,0.2,26,0,0.4,0,0,
State,7/25/2020,1620,73,38.4,2.7,,,,,,,,1167,19,,161,5,3,0.2,26,0,0.3,0,0,
State,7/26/2020,1683,63,43.4,3.1,,,,,,,,1179,12,,163,2,1.9,0.1,26,0,0.3,0,0,
State,7/27/2020,1710,27,45.6,3.2,,,,,,,,1191,12,,165,2,2.1,0.2,26,0,0.3,0,0,
State,7/28/2020,1766,46,48.6,3.4,,,,,,,,1205,14,,167,2,2.3,0.2,26,0,0.3,0,0,
State,7/29/2020,1865,109,61.7,4.3,,,,,,,,1215,10,,173,6,2.7,0.2,26,0,0.1,0,0,
State,7/30/2020,1989,124,71.6,5,,,,,,,,1226,11,,177,4,3.1,0.2,26,0,0,0,0,
State,7/31/2020,2111,123,80.7,5.7,,,,,,,,1243,17,,179,2,3.3,0.2,26,0,0,0,0,
State,8/1/2020,2197,87,82.7,5.8,,,,,,,,1269,26,,194,15,4.7,0.3,26,0,0,0,0,
State,8/2/2020,2242,45,80.1,5.6,,,,,,,,1294,25,,199,5,5.1,0.4,26,0,0,0,0,
State,8/3/2020,2448,207,105.9,7.4,,,,,,,,1315,21,,201,2,5.1,0.4,26,0,0,0,0,
State,8/4/2020,2591,144,119.9,8.4,,,,,,,,1354,39,,208,7,5.9,0.4,27,1,0.1,0,0,
State,8/5/2020,2763,173,129,9.1,,,,,,,,1402,48,,214,6,5.9,0.4,27,0,0.1,0,0,
State,8/6/2020,2914,152,133,9.4,,,,,,,,1440,38,,225,10,6.7,0.5,29,2,0.4,0,0,
State,8/7/2020,3115,201,144.1,10.1,,,,,,,,1467,27,,231,6,7.3,0.5,31,2,0.7,0.1,0,
State,8/8/2020,3346,231,164.7,11.6,,,,,,,,1511,44,,237,6,6,0.4,31,0,0.7,0.1,0,
State,8/9/2020,3498,152,180,12.7,,,,,,,,1548,37,,239,2,5.6,0.4,31,0,0.7,0.1,0,
State,8/10/2020,3638,140,170.4,12,,,,,,,,1586,38,,242,3,5.7,0.4,34,3,1.1,0.1,0,
State,8/11/2020,3756,118,166.7,11.7,,,,,,,,1627,41,,251,9,6,0.4,34,0,1,0.1,0,
State,8/12/2020,3958,202,170.9,12,,,,,,,,1665,38,,260,9,6.4,0.5,38,4,1.6,0.1,0,
State,8/13/2020,4312,355,199.9,14.1,,,,,,,,1716,51,,267,7,6,0.4,40,2,1.6,0.1,0,
State,8/14/2020,4543,233,204.4,14.4,,,,,,,,1756,40,,277,10,6.6,0.5,40,0,1.3,0.1,0,
State,8/15/2020,4825,284,212,14.9,,,,,,,,1808,52,,279,2,6,0.4,40,0,1.3,0.1,0,
State,8/16/2020,5042,220,221.7,15.6,,,,,,,,1841,33,,283,3,6.1,0.4,40,0,1.3,0.1,0,
State,8/17/2020,5215,174,226.6,15.9,,,,,,,,1868,27,,288,5,6.4,0.5,40,0,0.9,0.1,0,
State,8/18/2020,5349,134,228.9,16.1,,,,,,,,1921,53,,300,12,6.9,0.5,41,1,1,0.1,0,
State,8/19/2020,5609,261,237.3,16.7,,,,,,,,1977,56,,303,3,6,0.4,42,1,0.6,0,0,
State,8/20/2020,5844,236,220.3,15.5,,,,,,,,2031,54,,317,14,7,0.5,45,3,0.7,0.1,0,
State,8/21/2020,6072,230,219.9,15.5,,,,,,,,2072,41,,337,20,8.4,0.6,46,1,0.9,0.1,0,
State,8/22/2020,6356,284,219.9,15.5,,,,,,,,2107,35,,377,40,13.9,1,47,1,1,0.1,0,
State,8/23/2020,6600,248,223.9,15.7,,,,,,,,2143,36,,396,19,16.1,1.1,47,1,1.1,0.1,0,
State,8/24/2020,6769,169,223.1,15.7,,,,,,,,2172,29,,399,3,15.9,1.1,49,2,1.4,0.1,0,
State,8/25/2020,6984,215,234.7,16.5,,,,,,,,2236,64,,419,20,17,1.2,49,0,1.3,0.1,0,
State,8/26/2020,7260,277,237,16.7,,,,,,,,2288,52,,444,25,20.1,1.4,51,2,1.4,0.1,0,
State,8/27/2020,7566,306,247,17.4,,,,,,,,2371,83,,462,18,20.7,1.5,55,4,1.6,0.1,0,
State,8/28/2020,7830,265,252,17.7,,,,,,,,2410,39,,485,23,21.1,1.5,59,4,2,0.1,0,
State,8/29/2020,8139,310,255.7,18,,,,,,,,2477,67,,497,12,17.1,1.2,62,3,2.3,0.2,0,
State,8/30/2020,8339,200,248.9,17.5,,,,,,,,2520,43,,505,8,15.6,1.1,63,1,2.3,0.2,0,
State,8/31/2020,8472,133,243.7,17.1,,,,,,,,2578,58,,508,3,15.6,1.1,70,7,3,0.2,0,
State,9/1/2020,8653,181,238.9,16.8,,,,,,,,2634,56,,532,24,16.1,1.1,74,4,3.6,0.3,0,
State,9/2/2020,8991,339,247.7,17.4,,,,,,,,2689,56,,552,20,15.4,1.1,75,1,3.4,0.2,0,
State,9/3/2020,9202,211,234.1,16.5,,,,,,,,2778,89,,573,21,15.9,1.1,79,4,3.4,0.2,0,
State,9/4/2020,9473,271,235,16.5,,,,,,,,2855,77,,583,10,14,1,81,0,2.9,0.2,0,
State,9/5/2020,9693,221,222.3,15.6,,,,,,,,2931,76,,592,9,13.6,1,84,3,2.9,0.2,0,
State,9/6/2020,9855,164,217.1,15.3,,,,,,,,2991,60,,597,5,13.1,0.9,85,1,2.9,0.2,0,
State,9/7/2020,9959,105,213.1,15,,,,,,,,3028,37,,598,1,12.9,0.9,86,1,2,0.1,0,
State,9/8/2020,10025,66,196.7,13.8,,,,,,,,3063,35,,599,1,9.6,0.7,88,2,1.7,0.1,0,
State,9/9/2020,10123,100,162.6,11.4,,,,,,,,3120,57,,604,5,7.4,0.5,91,3,2,0.1,0,
State,9/10/2020,10292,169,156.6,11,,,,,,,,3176,56,,610,6,5.3,0.4,94,3,1.9,0.1,0,
State,9/11/2020,10459,167,141.7,10,,,,,,,,3334,158,,622,12,5.6,0.4,96,2,2.1,0.2,0,
State,9/12/2020,10588,131,128.9,9.1,,,,,,,,3418,82,,635,13,6.1,0.4,97,1,1.9,0.1,0,
State,9/13/2020,10700,114,121.7,8.6,,,,,,,,3565,147,,636,1,5.6,0.4,99,2,2,0.1,0,
State,9/14/2020,10779,80,118.1,8.3,,,,,,,,3693,128,,638,2,5.7,0.4,99,0,1.9,0.1,0,
State,9/15/2020,10844,66,118.1,8.3,,,,,,,,3885,192,,654,16,7.9,0.6,100,1,1.7,0.1,0,
State,9/16/2020,10946,102,118.4,8.3,,,,,,,,4105,220,,667,13,9,0.6,103,3,1.7,0.1,0,
State,9/17/2020,11105,160,117.1,8.2,,,,,,,,4248,143,,685,18,10.7,0.8,107,4,1.9,0.1,0,
State,9/18/2020,11217,114,109.6,7.7,,,,,,,,4394,146,,700,15,11.1,0.8,120,13,3.4,0.2,0,
State,9/19/2020,11326,110,106.6,7.5,,,,,,,,4622,228,,726,26,13,0.9,120,0,3.3,0.2,0,
State,9/20/2020,11403,77,101.3,7.1,,,,,,,,4759,137,,730,4,13.4,0.9,120,0,3,0.2,0,
State,9/21/2020,11459,56,97.9,6.9,,,,,,,,4888,129,,735,5,13.9,1,120,0,3,0.2,0,
State,9/22/2020,11522,63,97.4,6.9,,,,,,,,4992,104,,749,14,13.6,1,120,0,2.9,0.2,0,
State,9/23/2020,11689,168,106.9,7.5,,,,,,,,5125,133,,763,14,13.7,1,122,2,2.7,0.2,0,
State,9/24/2020,11779,90,96.6,6.8,,,,,,,,5265,140,,779,16,13.4,0.9,124,2,2.4,0.2,0,
State,9/25/2020,11891,112,96.3,6.8,,,,,,,,5397,132,,787,8,12.4,0.9,127,3,1,0.1,0,
State,9/26/2020,12018,127,98.7,7,,,,,,,,10126,,,802,15,10.9,0.8,131,4,1.6,0.1,0,
State,9/27/2020,12116,98,101.7,7.2,,,,,,,,10155,29,,816,14,12.3,0.9,132,1,1.7,0.1,0,
State,9/28/2020,12203,90,106.6,7.6,,,,,,,,10215,60,,819,3,12,0.8,132,0,1.7,0.1,0,
State,9/29/2020,12290,87,109.7,7.8,,,,,,,,10256,41,,832,13,11.9,0.8,134,2,2,0.1,0,
State,9/30/2020,12410,121,102.9,7.3,,,,,,,,10298,42,,847,15,12,0.8,136,2,2,0.1,0,
State,10/1/2020,12515,108,105.7,7.5,,,,,,,,10340,42,,862,15,11.9,0.8,139,3,2.1,0.2,0,
State,10/2/2020,12601,87,102,7.2,,,,,,,,10389,49,,880,18,13.3,0.9,142,3,2.1,0.2,0,
State,10/3/2020,12734,133,102.9,7.3,,,,,,,,10415,26,,885,5,11.9,0.8,153,11,3.1,0.2,0,
State,10/4/2020,12804,70,98.9,7,,,,,,,,10446,31,,889,4,10.4,0.7,156,3,3.4,0.2,0,
State,10/5/2020,12854,52,93.4,6.6,,,,,,,,10470,24,,889,0,10,0.7,157,1,3.6,0.3,0,
State,10/6/2020,12937,83,93.1,6.6,,,,,,,,10526,56,,889,0,8.1,0.6,160,3,3.7,0.3,0,
State,10/7/2020,13045,110,91.4,6.5,,,,,,,,10573,56,,894,5,6.7,0.5,163,3,3.9,0.3,0,
State,10/8/2020,13146,101,90.4,6.4,,,,,,,,10604,31,,900,6,5.4,0.4,164,,4,0.3,0,
State,10/9/2020,13300,155,100.1,7.1,,,,,,,,10651,47,,911,11,4.4,0.3,166,2,3.8,0.3,0,
State,10/10/2020,13371,73,91.6,6.5,,,,,,,,10713,62,,929,18,6.3,0.4,168,2,2.3,0.2,0,
State,10/11/2020,13472,103,96.3,6.8,,,,,,,,10750,37,,935,6,6.6,0.5,169,1,2,0.1,0,
State,10/12/2020,13514,42,94.9,6.7,,,,,,,,10781,31,,939,4,7.1,0.5,169,0,1.8,0.1,0,
State,10/13/2020,13575,62,91.9,6.5,,,,,,,,10831,50,,951,12,8.9,0.6,173,4,2,0.1,0,
State,10/14/2020,13674,101,90.7,6.4,,,,,,,,10883,52,,961,10,9.6,0.7,183,10,3.2,0.2,0,
State,10/15/2020,13764,91,89,6.3,,,,,,,,10915,32,,978,17,11.1,0.8,184,1,2.9,0.2,0,
State,10/16/2020,13853,89,79.7,5.7,,,,,,,,10947,32,,988,10,11,0.8,185,1,2.7,0.2,0,
State,10/17/2020,13949,96,82.7,5.9,,,,,,,,10995,48,,1001,13,10.3,0.7,186,1,2.6,0.2,0,
State,10/18/2020,14031,83,79.9,5.7,,,,,,,,11044,49,,1005,4,10,0.7,187,1,2.6,0.2,0,
State,10/19/2020,14068,39,79.1,5.6,,,,,,,,11078,34,,1012,7,10.4,0.7,187,0,2.6,0.2,0,
State,10/20/2020,14156,91,82.7,5.9,,,,,,,,11150,72,,1025,13,10.6,0.7,189,2,2.3,0.2,0,
State,10/21/2020,14233,78,79.6,5.7,,,,,,,,11188,38,,1033,8,10.3,0.7,203,14,2.9,0.2,0,
State,10/22/2020,14335,102,81,5.8,,,,,,,,11232,44,,1045,12,9.6,0.7,206,3,3.1,0.2,0,
State,10/23/2020,14464,131,86.9,6.2,,,,,,,,11292,60,,1057,12,9.9,0.7,209,3,3.4,0.2,0,
State,10/24/2020,14553,90,86.3,6.1,,,,,,,,11346,54,,1065,8,9.1,0.6,212,3,3.7,0.3,0,
State,10/25/2020,14672,121,91.4,6.5,,,,,,,,11405,59,,1065,0,8.6,0.6,212,0,3.6,0.3,0,
State,10/26/2020,14709,38,91.3,6.5,,,,,,,,11444,39,,1067,2,7.9,0.6,212,0,3.6,0.3,0,
State,10/27/2020,14773,66,88,6.3,,,,,,,,11523,79,,1073,6,6.9,0.5,215,3,3.7,0.3,0,
State,10/28/2020,14834,62,84.9,6,,,,,,,,11605,82,,1081,8,6.9,0.5,213,0,1.7,0.1,0,
State,10/29/2020,14911,77,80.9,5.7,,,,,,,,11682,77,,1090,9,6.4,0.5,215,2,1.6,0.1,0,
State,10/30/2020,15003,94,75.7,5.4,,,,,,,,11738,56,,1097,7,5.7,0.4,216,1,1.3,0.1,0,
State,10/31/2020,15071,68,71.7,5.1,,,,,,,,11776,38,,1105,8,5.7,0.4,219,3,1.3,0.1,0,
State,11/1/2020,15154,83,66.1,4.7,,,,,,,,11824,48,,1107,2,6,0.4,219,3,1.7,0.1,0,
State,11/2/2020,15231,78,71.4,5.1,,,,,,,,11868,44,,1111,4,6.3,0.4,219,0,1.7,0.1,0,
State,11/3/2020,15318,89,74.3,5.3,,,,,,,,11930,62,,1124,13,7.3,0.5,219,0,1.3,0.1,0,
State,11/4/2020,15473,156,87.9,6.2,,,,,,,,11958,28,,1125,1,6.3,0.4,219,0,1.3,0.1,0,
State,11/5/2020,15572,100,91,6.5,,,,,,,,12006,48,,1138,13,6.9,0.5,219,0,1,0.1,0,
State,11/6/2020,15691,122,94.1,6.7,,,,,,,,12055,49,,1147,9,7.1,0.5,219,0,0.9,0.1,0,
State,11/7/2020,15819,128,102.9,7.3,,,,,,,,12083,28,,1157,10,7.4,0.5,220,1,0.6,0,0,
State,11/8/2020,15947,128,109.6,7.8,,,,,,,,,,,1161,4,7.7,0.5,221,1,0.3,0,0,
State,11/9/2020,16010,64,107,7.6,,,,,,,,,,,1160,1,7.3,0.5,221,0,0.3,0,0,
State,11/10/2020,16088,78,100.3,7.1,,,,,,,,,,,1180,20,8.3,0.6,222,0,0.3,0,0,
State,11/11/2020,16205,118,100.3,7.1,,,,,,,,,,,1185,5,8.9,0.6,222,0,0.3,0,0,
State,11/12/2020,16302,97,100.7,7.2,,,,,,,,,,,1187,2,7.3,0.5,222,0,0.3,0,0,
State,11/13/2020,16412,110,99,7,,,,,,,,,,,1194,7,7,0.5,222,0,0.3,0,0,
State,11/14/2020,16519,108,99,7,,,,,,,,,,,1209,15,7.7,0.5,222,0,0.1,0,0,
State,11/15/2020,16613,95,91.6,6.5,,,,,,,,,,1466,1210,1,7.3,0.5,222,0,0,0,0,
State,11/16/2020,16665,53,89.7,6.4,,,,,,,,,,1440,1212,2,7.4,0.5,222,0,0,0,0,
State,11/17/2020,16734,71,88.3,6.3,,,,,,,,,,1420,1221,9,5.9,0.4,223,1,0.1,0,0,
State,11/18/2020,16841,107,85.7,6.1,,,,,,,,,,1527,1228,7,6.1,0.4,223,1,0.3,0,0,
State,11/19/2020,16936,95,85,6,,,,,,,,,,1370,1234,6,6.7,0.5,224,1,0.4,0,0,
State,11/20/2020,17098,163,92.3,6.6,,,,,,,,,,1340,1239,5,6.4,0.5,231,7,1.4,0.1,0,
State,11/21/2020,17220,123,94.6,6.7,,,,,,,,,,1336,1255,16,6.6,0.5,233,2,1.7,0.1,0,
State,11/22/2020,17333,114,96.1,6.8,,,,,,,,,,1314,1261,6,7.3,0.5,233,2,2,0.1,0,
State,11/23/2020,17393,61,98,7,,,,,,,,,,1313,1268,7,8,0.6,233,2,2.3,0.2,0,
State,11/24/2020,17501,108,103.4,7.3,,,,,,,,,,1340,1269,1,6.9,0.5,235,2,2.4,0.2,0,
State,11/25/2020,17618,120,106,7.5,,,,,,,,,,,1286,17,8.3,0.6,237,2,2.6,0.2,0,
State,11/26/2020,17708,92,105.7,7.5,,,,,,,,,,1332,1287,1,7.6,0.5,240,3,2.9,0.2,0,
State,11/27/2020,17784,76,94.3,6.7,,,,,,,,,,1304,1287,0,6.9,0.5,240,0,1.9,0.1,0,
State,11/28/2020,17840,57,85,6,,,,,,,,,,1254,1288,1,4.7,0.3,244,4,2.1,0.2,0,
State,11/29/2020,17925,85,82.1,5.8,,,,,,,,,,1243,1290,2,4.1,0.3,244,4,2.4,0.2,0,
State,11/30/2020,17968,44,79.9,5.7,,,,,,,,,,1243,1291,1,3.3,0.2,244,4,2.7,0.2,0,
State,12/1/2020,18044,78,75.1,5.3,,,,,,,,,,1250,1304,13,,,244,4,3,0.2,0,
State,12/2/2020,18186,144,78,5.5,,,,,,,,,,1288,1315,11,4.1,0.3,246,2,3,0.2,0,
State,12/3/2020,18290,106,80.1,5.7,,,,,,,,,,1300,1325,10,5.4,0.4,256,10,4,0.3,0,
State,12/4/2020,18423,133,85.1,6,,,,,,,,,,1258,1326,1,5.6,0.4,261,5,4.7,0.3,0,
State,12/5/2020,18527,105,91.4,6.5,,,,,,,,,,1235,1328,2,5.7,0.4,262,1,4.3,0.3,0,
State,12/6/2020,18608,81,91,6.5,,,,,,,,,,1210,1329,1,5.6,0.4,262,1,3.9,0.3,0,
State,12/7/2020,18661,53,92.9,6.6,,,,,,,,,,1207,1333,4,6,0.4,262,1,3.4,0.2,0,
State,12/8/2020,18741,80,93.4,6.6,,,,,,,,,,1179,1346,13,6,0.4,266,4,3.4,0.2,0,
State,12/9/2020,18864,123,90,6.4,,,,,,,,,,1175,1354,8,5.6,0.4,268,2,3.4,0.2,0,
State,12/10/2020,18951,89,87,6.2,,,,,,,,,,1171,1357,3,4.6,0.3,269,1,2.1,0.2,0,
State,12/11/2020,19148,198,99.1,7,,,,,,,,,,1293,1361,4,5,0.4,271,2,1.7,0.1,0,
State,12/12/2020,19235,90,96.3,6.8,,,,,,,,,,1319,1365,4,5.3,0.4,274,3,2,0.1,0,
State,12/13/2020,19424,190,112.1,8,,,,,,,,,,1425,1367,2,5.4,0.4,274,0,1.9,0.1,0,
State,12/14/2020,19480,57,112,8,,,,,,,,,,1435,1374,7,5.9,0.4,274,0,1.7,0.1,0,
State,12/15/2020,19590,110,116.6,8.3,,,,,,,,,,1470,1382,8,5.1,0.4,278,4,1.7,0.1,0,
State,12/16/2020,19731,142,120.1,8.5,,,,,,,,,,1468,1387,5,4.7,0.3,280,2,1.7,0.1,0,
State,12/17/2020,19859,130,126.4,9,,,,,,,,,,1489,1394,7,5.3,0.4,281,1,1.7,0.1,0,
State,12/18/2020,20015,156,119.7,8.5,,,,,,,,,,1529,1405,11,6.3,0.4,281,0,1.4,0.1,0,
State,12/19/2020,20217,204,137.4,9.8,,,,,,,,,,1632,1412,7,6.7,0.5,282,1,1.1,0.1,0,
State,12/20/2020,20351,134,129.4,9.2,,,,,,,,,,1688,1413,1,6.6,0.5,282,0,1.1,0.1,0,
State,12/21/2020,20417,66,131,9.3,,,,,,,,,,1700,1415,2,5.9,0.4,282,0,1.1,0.1,0,
State,12/22/2020,20522,107,129.7,9.2,,,,,,,,,,1733,1436,21,7.7,0.5,285,3,1,0.1,0,
State,12/23/2020,20650,129,128.1,9.1,,,,,,,,,,,,,,,285,0,0.7,0.1,0,
State,12/24/2020,20769,120,127.7,9.1,,,,,,,,,,,,,,,285,0,0.6,0,0,
State,12/25/2020,20888,120,121.9,8.7,,,,,,,,,,1687,1445,,,,285,0,0.6,0,0,
State,12/26/2020,20983,95,106.1,7.5,,,,,,,,,,1701,1445,0,,,285,0,0.4,0,,
State,12/27/2020,21028,46,93.9,6.7,,,,,,,,,,1558,1446,1,,,285,0,0.4,0,,
State,12/28/2020,21103,76,95.1,6.8,,,,,,,,,,1577,1452,6,,,285,0,0.4,0,,
State,12/29/2020,21209,108,96.3,6.8,,,,,,,,,,1578,1458,6,,,285,0,0,0,,
State,12/30/2020,21397,188,103.3,7.3,,,,,,,,,,1619,1462,4,,,288,3,0.4,0,,
State,12/31/2020,21638,241,119.3,8.5,,,,,,,,,,1727,1473,11,,,289,1,0.6,0,,
State,1/1/2021,21807,171,126.3,9,,,,,,,,,,1736,1479,6,,,289,0,0.6,0,,
State,1/2/2021,21956,149,130.3,9.3,,,,,,,,,,1655,1479,0,4.9,0.3,289,0,0.6,0,,
State,1/3/2021,22045,89,133.9,9.5,,,,,,,,,,1598,1488,9,6,0.4,289,0,0.6,0,,
State,1/4/2021,22168,124,138.4,9.8,,,,,,,,,,1642,1498,10,6.6,0.5,289,0,0.6,0,,
State,1/5/2021,22310,143,139.7,9.9,,,,,,,,,,1670,1519,21,8.7,0.6,299,10,2,0.1,,
State,1/6/2021,22631,322,155.4,11,,,,,,,,,,1831,1521,2,8.4,0.6,299,0,1.6,0.1,,
State,1/7/2021,22895,264,156.3,11.1,,,,,,,,,,1950,1531,10,8.3,0.6,303,4,2,0.1,,
State,1/8/2021,23143,250,166.6,11.8,,,,,,,,,,2068,1543,12,9.1,0.6,307,4,2.6,0.2,,
State,1/9/2021,23341,200,175.3,12.5,,,,,,,,,,2152,1558,15,11.3,0.8,309,2,2.9,0.2,,
State,1/10/2021,23513,172,188.6,13.4,,,,,,,,,,2269,1560,2,10.3,0.7,309,0,2.9,0.2,,
State,1/11/2021,23627,114,188.7,13.4,,,,,,,,,,2305,1561,1,9,0.6,309,0,2.9,0.2,,
State,1/12/2021,23733,106,184,13.1,,,,,,,,,,2292,1580,19,8.7,0.6,312,3,1.9,0.1,,
State,1/13/2021,23908,179,167.3,11.9,,,,,,,,,,2280,1596,16,10.7,0.8,318,6,2.7,0.2,,
State,1/14/2021,24058,150,153.9,10.9,,,,,,,,,,2193,1596,0,9.3,0.7,318,0,2.1,0.2,,
State,1/15/2021,24223,165,143.4,10.2,,,,,,,,,,2190,1604,8,8.7,0.6,320,2,1.9,0.1,,
State,1/16/2021,24353,132,135.1,9.6,,,,,,,,,,2191,1611,7,7.6,0.5,322,2,1.9,0.1,,
State,1/17/2021,24482,129,128.4,9.1,,,,,,,,,,2232,1614,3,7.7,0.5,322,0,1.9,0.1,,
State,1/18/2021,24546,65,122.1,8.7,,,,,,,,,,2184,1617,3,8,0.6,324,2,2.1,0.2,,
State,1/19/2021,24620,75,118.7,8.4,,,,,,,,,,2127,1620,3,5.7,0.4,325,1,1.9,0.1,,
State,1/20/2021,24739,119,110.9,7.9,,,,,,,,,,1953,1642,22,6.6,0.5,328,3,1.4,0.1,,
State,1/21/2021,24870,132,108,7.7,,,,,,,,,,1838,1647,5,7.3,0.5,332,4,2,0.1,,
State,1/22/2021,25003,134,104,7.4,,,,,,,,,,1736,1657,10,7.6,0.5,336,4,2.3,0.2,,
State,1/23/2021,25154,153,107,7.6,,,,,,,,,,1700,1660,3,7,0.5,342,6,2.9,0.2,,
State,1/24/2021,25275,123,107.4,7.6,,,,,,,,,,1656,1664,4,7.1,0.5,342,0,2.9,0.2,,
State,1/25/2021,25339,71,108,7.7,,,,,,,,,,1612,1669,5,7.4,0.5,401,0,2.6,0.2,,
State,1/26/2021,25442,103,111.6,7.9,,,,,,,,,,1613,1673,4,7.6,0.5,404,3,2.9,0.2,,
State,1/27/2021,25541,100,109.1,7.8,,,,,,,,,,1539,1684,11,6,0.4,406,2,2.7,0.2,,
State,1/28/2021,25656,115,106.4,7.6,,,,,,,,,,1501,1683,0,5.3,0.4,407,1,2.3,0.2,,
State,1/29/2021,25771,116,104.1,7.4,,,,,,,,,,1456,1694,11,5.4,0.4,407,0,1.7,0.1,,
State,1/30/2021,25853,82,94.6,6.7,,,,,,,,,,1412,1696,2,5.3,0.4,410,3,1.3,0.1,,
State,1/31/2021,25943,90,90.6,6.4,,,,,,,,,,1382,1699,3,5.1,0.4,410,0,1.3,0.1,,
State,2/1/2021,26007,64,89.4,6.4,,,,,,,,,,1384,1703,4,5,0.4,410,0,1.3,0.1,,
State,2/2/2021,26081,74,85.1,6,,,,,,,,,,1383,1713,10,5.9,0.4,414,4,1.4,0.1,,
State,2/3/2021,26187,107,86.3,6.1,,,,,,,,,,1374,1724,11,5.9,0.4,416,2,1.4,0.1,,
State,2/4/2021,26286,101,84.6,6,,,,,,,,,,1342,1732,8,7,0.5,416,0,1.3,0.1,,
State,2/5/2021,26393,108,83.9,6,,,,,,,,,,1319,1745,13,7.3,0.5,416,0,1.3,0.1,,
State,2/6/2021,26468,75,83,5.9,,,,,,,,,,1247,1749,4,7.6,0.5,418,2,1.1,0.1,,
State,2/7/2021,26500,33,75.4,5.4,,,,,,,,,,1165,1751,2,7.4,0.5,418,0,1.1,0.1,,
State,2/8/2021,26531,37,71.4,5.1,,,,,,,,,,1127,1752,1,7,0.5,418,0,1.1,0.1,,
State,2/9/2021,26584,56,69,4.9,,,,,,,,,,1085,1766,14,7.6,0.5,423,5,1.3,0.1,,
State,2/10/2021,26675,95,66.9,4.8,,,,,,,,,,1077,1775,9,7.3,0.5,424,1,1.1,0.1,,
State,2/11/2021,26743,70,62.7,4.5,,,,,,,,,,1034,1779,4,6.7,0.5,425,1,1.3,0.1,,
State,2/12/2021,26810,71,56.3,4,,,,,,,,,,983,1792,13,6.7,0.5,425,0,1.3,0.1,,
State,2/13/2021,26856,48,52.6,3.7,,,,,,,,,,949,1796,4,6.7,0.5,426,1,1.1,0.1,,
State,2/14/2021,26889,35,52.7,3.7,,,,,,,,,,895,1800,4,7,0.5,426,0,1.1,0.1,,
State,2/15/2021,26906,17,50.1,3.6,,,,,,,,,,850,1800,0,6.9,0.5,426,0,1.1,0.1,,
State,2/16/2021,26935,29,46.6,3.3,,,,,,,,,,810,1804,4,5.4,0.4,427,1,0.6,0,,
State,2/17/2021,27000,67,43,3.1,,,,,,,,,,769,1806,3,4.6,0.3,428,1,0.6,0,,
State,2/18/2021,27048,50,40.7,2.9,,,,,,,,,,722,1815,9,5.3,0.4,430,2,0.7,0.1,,
State,2/19/2021,27107,59,39.1,2.8,,,,,,,,,,668,1830,15,5.6,0.4,430,0,0.7,0.1,,
State,2/20/2021,27174,68,42.1,3,,,,,,,,,,664,1832,2,5.3,0.4,431,1,0.7,0.1,,
State,2/21/2021,27223,52,44.9,3.2,,,,,,,,,,683,1834,2,5,0.4,431,0,0.7,0.1,,
State,2/22/2021,27270,47,49,3.5,,,,,,,,,,694,1840,6,5.9,0.4,431,0,0.7,0.1,,
State,2/23/2021,27320,50,51.3,3.6,,,,,,,,,,684,1848,8,6.4,0.5,435,4,1.1,0.1,,
State,2/24/2021,27358,45,47.4,3.4,,,,,,,,,,634,1858,10,7.4,0.5,435,0,1,0.1,,
State,2/25/2021,27399,44,46.9,3.3,,,,,,,,,,613,1862,4,6.7,0.5,437,2,1,0.1,,
State,2/26/2021,27503,106,49.7,3.5,,,,,,,,,,580,1865,3,5,0.4,439,2,1.3,0.1,,
State,2/27/2021,27559,60,48.9,3.5,,,,,,,,,,636,1869,4,5.3,0.4,439,2,1.4,0.1,,
State,2/28/2021,27588,29,45.1,3.2,,,,,,,,,,630,1873,4,5.6,0.4,439,0,1.4,0.1,,
State,3/1/2021,27623,35,43.6,3.1,,,,,,,,,,647,1875,2,5,0.4,439,0,1.4,0.1,,
State,3/2/2021,27640,20,41.1,2.9,,,,,,,,,,639,1885,10,5.3,0.4,441,2,1.1,0.1,,
State,3/3/2021,27699,60,43.1,3.1,,,,,,,,,,635,1891,6,4.7,0.3,441,0,1.1,0.1,,
State,3/4/2021,27753,54,44.6,3.2,,,,,,,,,,639,1893,2,4.4,0.3,443,2,1.1,0.1,,
State,3/5/2021,27838,87,46.6,3.3,,,,,,,,,,674,1898,5,4.7,0.3,444,1,1,0.1,,
State,3/6/2021,27891,53,45,3.2,,,,,,,,,,658,1902,4,4.7,0.3,445,1,0.9,0.1,,
State,3/7/2021,27935,45,47.3,3.4,,,,,,,,,,648,1904,2,4.4,0.3,445,0,0.9,0.1,,
State,3/8/2021,27977,42,48.9,3.5,,,,,,,,,,645,1905,1,4.3,0.3,445,0,0.9,0.1,,
State,3/9/2021,28023,48,51.9,3.7,,,,,,,,,,653,1914,9,4.1,0.3,448,3,1,0.1,,
State,3/10/2021,28081,60,51.4,3.7,,,,,,,,,,665,1914,0,3.3,0.2,448,0,1,0.1,,
State,3/11/2021,28145,66,53.6,3.8,,,,,,,,,,689,1922,8,4.1,0.3,449,1,0.9,0.1,,
State,3/12/2021,28208,64,50.7,3.6,,,,,,,,,,683,1927,5,4.1,0.3,450,1,0.9,0.1,,
State,3/13/2021,28259,51,51.1,3.6,,,,,,,,,,675,1929,2,3.9,0.3,451,1,0.9,0.1,,
State,3/14/2021,28305,46,51.4,3.7,,,,,,,,,,693,1932,3,4,0.3,451,0,0.9,0.1,,
State,3/15/2021,28352,48,52.6,3.7,,,,,,,,,,708,1934,2,4.1,0.3,451,0,0.9,0.1,,
State,3/16/2021,28421,69,55.6,4,,,,,,,,,,743,1940,6,3.7,0.3,451,0,0.4,0,,
State,3/17/2021,28509,88,60,4.3,,,,,,,,,,781,1943,3,4.1,0.3,451,0,0.4,0,,
State,3/18/2021,28608,99,63.9,4.5,,,,,,,,,,823,1947,4,3.6,0.3,452,1,0.4,0,,
State,3/19/2021,28694,87,67.1,4.8,,,,,,,,,,826,1948,1,3,0.2,453,1,0.4,0,,
State,3/20/2021,28773,81,70.1,5,,,,,,,,,,850,1950,2,3,0.2,454,1,0.4,0,,
State,3/21/2021,28851,79,75,5.3,,,,,,,,,,886,1953,3,3,0.2,454,0,0.4,0,,
State,3/22/2021,28892,41,73.9,5.3,,,,,,,,,,885,1957,4,3.3,0.2,454,0,0.4,0,,
State,3/23/2021,28950,58,72.4,5.1,,,,,,,,,,897,1961,4,3,0.2,457,3,0.9,0.1,,
State,3/24/2021,29071,122,76.7,5.5,,,,,,,,,,957,1963,2,2.9,0.2,458,1,1,0.1,,
State,3/25/2021,29194,123,80.6,5.7,,,,,,,,,,1010,1973,10,3.7,0.3,459,1,1,0.1,,
State,3/26/2021,29306,113,83.3,5.9,,,,,,,,,,1052,1975,2,3.9,0.3,462,3,1.3,0.1,,
State,3/27/2021,29408,102,87.6,6.2,,,,,,,,,,1104,1978,3,4,0.3,462,3,1.6,0.1,,
State,3/28/2021,29511,103,90.4,6.4,,,,,,,,,,1158,1978,0,3.6,0.3,462,0,1.6,0.1,,
State,3/29/2021,29581,71,94,6.7,,,,,,,,,,1110,1979,1,3.1,0.2,462,0,1.6,0.1,,
State,3/30/2021,29681,100,99,7,,,,,,,,,,1200,1989,10,4,0.3,463,1,1.3,0.1,,
State,3/31/2021,29794,114,98.1,7,,,,,,,,,,1223,1997,8,4.9,0.3,463,0,1.1,0.1,,
State,4/1/2021,29927,136,99.7,7.1,,,,,,,,,,1261,2009,12,5.1,0.4,463,0,1,0.1,,
State,4/2/2021,30039,112,99.7,7.1,,,,,,,,,,1282,2009,0,4.9,0.3,467,4,1.1,0.1,,
State,4/3/2021,30135,96,98,7,,,,,,,,,,1301,2011,2,4.7,0.3,467,4,1.3,0.1,,
State,4/4/2021,30228,95,97,6.9,,,,,,,,,,1313,2012,1,4.9,0.3,467,0,1.3,0.1,,
State,4/5/2021,30287,61,95.4,6.8,,,,,,,,,,1327,2020,8,5.9,0.4,467,0,1.3,0.1,,
State,4/6/2021,30363,76,92.9,6.6,,,,,,,,,,1345,2023,3,4.9,0.3,467,0,1.1,0.1,,
State,4/7/2021,30485,122,94.6,6.7,,,,,,,,,,1350,2035,12,5.4,0.4,470,3,1.6,0.1,,
State,4/8/2021,30571,87,87.9,6.2,,,,,,,,,,1312,2039,4,4.3,0.3,470,3,2,0.1,,
State,4/9/2021,30684,114,88.9,6.3,,,,,,,,,,1320,2044,5,5,0.4,471,1,1.6,0.1,,
State,4/10/2021,30776,92,88.4,6.3,,,,,,,,,,1307,2045,1,4.9,0.3,471,1,1.1,0.1,,
State,4/11/2021,30846,70,85.4,6.1,,,,,,,,,,1278,2045,0,4.7,0.3,471,0,1.1,0.1,,
State,4/12/2021,30909,64,86.9,6.2,,,,,,,,,,1277,2059,14,5.6,0.4,471,0,1.1,0.1,,
State,4/13/2021,30980,72,85.4,6.1,,,,,,,,,,1255,2064,5,5.9,0.4,473,2,1.4,0.1,,
State,4/14/2021,31075,98,82.4,5.9,,,,,,,,,,1242,2067,3,4.6,0.3,473,0,1,0.1,,
State,4/15/2021,31171,98,82.9,5.9,,,,,,,,,,1197,2073,6,4.9,0.3,474,1,0.7,0.1,,
State,4/16/2021,31270,101,80.6,5.7,,,,,,,,,,1188,2076,3,4.6,0.3,474,1,0.7,0.1,,
State,4/17/2021,31381,111,83.6,5.9,,,,,,,,,,1206,2077,1,4.6,0.3,474,1,0.7,0.1,,
State,4/18/2021,31446,65,83.1,5.9,,,,,,,,,,1180,2078,1,4.7,0.3,474,0,0.7,0.1,,
State,4/19/2021,31490,48,79.9,5.7,,,,,,,,,,1166,2086,8,3.9,0.3,474,0,0.7,0.1,,
State,4/20/2021,31561,73,80,5.7,,,,,,,,,,1161,2088,2,3.4,0.2,474,0,0.4,0,,
State,4/21/2021,31658,101,79.7,5.7,,,,,,,,,,1133,2092,4,3.6,0.3,476,2,0.7,0.1,,
State,4/22/2021,31751,94,80.3,5.7,,,,,,,,,,1140,2098,6,3.6,0.3,477,1,0.7,0.1,,
State,4/23/2021,31802,51,73.7,5.2,,,,,,,,,,1078,2102,4,3.7,0.3,478,1,0.7,0.1,,
State,4/24/2021,31924,122,75.3,5.4,,,,,,,,,,1109,2103,1,3.7,0.3,478,1,0.7,0.1,,
State,4/25/2021,31991,70,75.9,5.4,,,,,,,,,,1110,2103,0,3.6,0.3,478,0,0.7,0.1,,
State,4/26/2021,32041,54,77.3,5.5,,,,,,,,,,1096,2114,11,4,0.3,479,1,0.9,0.1,,
State,4/27/2021,32110,69,77.4,5.5,,,,,,,,,,1097,2117,3,4.1,0.3,482,3,1.3,0.1,,
State,4/28/2021,32232,122,79.9,5.7,,,,,,,,,,1116,2131,14,5.6,0.4,483,1,1.1,0.1,,
State,4/29/2021,32349,118,83.3,5.9,,,,,,,,,,1145,2133,2,5,0.4,483,0,1,0.1,,
State,4/30/2021,32468,119,92.4,6.6,,,,,,,,,,1163,2142,9,5.7,0.4,483,0,0.9,0.1,,
State,5/1/2021,32580,113,90.6,6.4,,,,,,,,,,1162,2147,5,6.3,0.4,483,0,0.7,0.1,,
State,5/2/2021,32654,74,91.1,6.5,,,,,,,,,,1170,2146,0,6.3,0.4,484,1,0.9,0.1,,
State,5/3/2021,32732,80,94.4,6.7,,,,,,,,,,1204,2153,7,5.7,0.4,484,0,0.7,0.1,,
State,5/4/2021,32794,64,92.6,6.6,,,,,,,,,,1191,2163,10,6.7,0.5,485,1,0.4,0,,
State,5/5/2021,32922,128,93.9,6.7,,,,97.7,,,,,,1218,2173,10,6.1,0.4,486,1,0.4,0,,
State,5/6/2021,33036,115,93.1,6.6,,,,97.1,,,,,,1236,2177,4,6.4,0.5,486,0,0.4,0,,
State,5/7/2021,33126,91,89.1,6.3,,,,93.3,,,,,,1274,2181,4,5.7,0.4,487,1,0.6,0,,
State,5/8/2021,33207,84,84.7,6,,,,89.4,,,,,,1227,2180,0,5,0.4,488,1,0.7,0.1,,
State,5/9/2021,33267,61,82.3,5.8,,,,87.3,,,,,,1215,2182,2,5.3,0.4,488,0,0.6,0,,
State,5/10/2021,33329,64,80.3,5.7,,,,85.4,,,,,,1222,2187,5,5,0.4,488,0,0.6,0,,
State,5/11/2021,33376,47,77.9,5.5,,,,83.9,,,,,,1195,2194,7,4.6,0.3,489,1,0.6,0,,
State,5/12/2021,33450,76,71.1,5.1,,,,77,,,,,,1157,2201,7,4.1,0.3,489,0,0.4,0,,
State,5/13/2021,33533,83,67,4.8,,,,72.4,,,,,,1123,2222,21,6.6,0.5,490,1,0.6,0,,
State,5/14/2021,33637,105,68.7,4.9,,,,73,,,,,,1106,2229,7,7,0.5,490,1,0.6,0,,
State,5/15/2021,33761,127,74.4,5.3,,,,78,,,,,,1116,2229,0,7,0.5,492,2,0.7,0.1,,
State,5/16/2021,33834,83,77.6,5.5,,,,80.7,,,,,,1120,2231,2,7,0.5,492,0,0.7,0.1,,
State,5/17/2021,33889,56,76.4,5.4,,,,79.4,,,,,,1099,2240,9,7.6,0.5,492,0,0.7,0.1,,
State,5/18/2021,33947,58,,,1638,35585,73,81,5.8,,,,,1158,2269,29,10.7,0.8,492,0,0.6,0,,
State,5/19/2021,34006,,,,1659,35665,80,80.4,5.7,,,,,1106,2279,10,11.1,0.8,492,0,0.6,0,,
State,5/20/2021,34068,,,,1658,35726,61,76,5.4,,,,,1042,2280,1,8.3,0.6,494,2,0.7,0.1,,
State,5/21/2021,34153,,,,1666,35819,93,73.7,5.2,,,,,1032,2286,6,8.1,0.6,494,2,0.9,0.1,,
State,5/22/2021,34201,,,,1666,35867,48,63.4,4.5,,,,,995,2284,0,8.1,0.6,496,2,0.9,0.1,,
State,5/23/2021,34241,,,,1660,35901,34,58.3,4.1,,,,,978,2285,1,8,0.6,496,0,0.9,0.1,,
State,5/24/2021,34262,,,,1662,35924,23,53,3.8,,,,,932,2285,0,6.7,0.5,496,0,0.9,0.1,,
State,5/25/2021,34312,,,,1662,35974,50,50.1,3.6,,,,,933,2302,17,5,0.4,496,0,0.9,0.1,,
State,5/26/2021,34369,,,,1663,36032,58,49.4,3.5,,,,,911,2313,11,5.1,0.4,498,2,1.1,0.1,,
State,5/27/2021,34245,,,,1664,36076,44,47.3,3.4,,,,,866,2323,10,6.4,0.5,498,0,0.9,0.1,,
State,5/28/2021,,,,,,36124,48,41.4,2.9,,,,,810,2324,1,5.7,0.4,499,1,0.7,0.1,,
State,5/29/2021,34580,,,,1666,36246,122,52,3.7,,,,,810,2327,3,6.1,0.4,500,1,0.6,0,,
State,5/30/2021,34610,,,,,36276,30,50.3,3.6,,,,,764,2327,0,6,0.4,500,1,0.7,0.1,,
State,5/31/2021,34660,,,,1672,36332,56,54.9,3.9,,,,,757,2327,0,6,0.4,500,0,0.7,0.1,,
State,6/1/2021,34683,,,,1674,36357,25,51,3.6,,,,,709,2329,2,3.9,0.3,500,0,0.7,0.1,,
State,6/2/2021,34720,,,,1635,36402,45,47.7,3.4,,,,,685,2349,20,5.1,0.4,501,1,0.6,0,,
State,6/3/2021,34787,,,,1684,36471,69,52,3.7,,,,,694,2351,2,4,0.3,501,0,0.6,0,,
State,6/4/2021,34849,,,,1686,36535,64,54.4,3.9,,,,,671,2355,4,4.4,0.3,502,1,0.6,0,,
State,6/5/2021,34924,,,,1692,36616,81,49,3.5,,,,,708,2360,5,4.7,0.3,505,3,0.9,0.1,,
State,6/6/2021,34957,,,,1692,36649,33,49.1,3.5,,,,,701,2360,5,5.4,0.4,505,0,0.7,0.1,,
State,6/7/2021,34990,,,,1695,36685,36,46.3,3.3,,,,,711,2369,5,6.1,0.4,505,0,0.7,0.1,,
State,6/8/2021,35032,,,,1699,36731,46,48.6,3.5,,,,,700,2372,5,6.6,0.5,505,0,0.7,0.1,,
State,6/9/2021,34970,,,,1713,36793,62,51.4,3.7,,,,,698,2377,5,4.4,0.3,505,0,0.6,0,,
State,6/10/2021,35154,,,,1717,36871,78,51.3,3.6,,,,,736,2378,1,4.3,0.3,506,1,0.7,0.1,,
State,6/13/2021,35344,,,,1723,37067,56,50.9,3.6,,,,,711,2384,6,4.6,0.3,506,1,0.7,0.1,,
State,6/14/2021,35375,,,,1729,37104,37,50.9,3.6,,,,,689,2390,6,4.7,0.3,506,0,0.3,0,,
State,6/15/2021,35403,,,,1731,37134,30,49.6,3.5,,,,,699,2402,12,5.7,0.4,507,1,0.4,0,,
State,6/16/2021,35438,,,,1732,37170,36,46.9,3.3,,,,,694,2405,3,5.4,0.4,507,0,0.4,0,,
State,6/17/2021,35475,,,,1740,37214,44,42.6,3,,,,,166,2411,6,5.6,0.4,510,3,0.9,0.1,,
State,6/20/2021,35623,,,,1744,37367,14,39.1,2.8,,,,,632,2420,9,6.1,0.4,513,3,1.3,0.1,,
State,6/21/2021,35643,,,,1744,37387,20,37.4,2.7,,,,,622,2424,4,6.6,0.5,513,0,1.1,0.1,,
State,6/22/2021,35687,,,,1742,37429,42,39.3,2.8,,,,,620,2426,2,6,0.4,513,0,1,0.1,,
State,6/23/2021,35744,,,,1740,37484,55,43.1,3.1,,,,,628,2436,10,6.6,0.5,513,0,1,0.1,,
State,6/24/2021,35789,,,,1743,37532,48,42.7,3,,,,,,2444,8,6,0.4,514,1,1,0.1,,
State,6/25/2021,,,,,,,,,,,,,,,,,,,,,,,,
State,6/26/2021,,,,,,,,,,,,,,,,,,,,,,,,
State,6/27/2021,,,,,,37669,22,39.6,2.8,,,,,,2461,17,8.2,0.6,516,2,0.6,0,,
State,6/28/2021,,,,,,37702,33,41,2.9,,,,,,2465,4,8.2,0.6,516,0,0.6,0,,
State,6/29/2021,,,,,,37758,56,41.4,2.9,,,,,,2470,5,8.8,0.6,517,1,0.8,0.1,,
State,6/30/2021,,,,,,37807,49,39.9,2.8,,,,,,2476,6,8,0.6,518,1,1,0.5,,
State,7/5/2021,,,,,,38082,39,46.3,3.3,,,,,,2491,15,9.4,0.7,518,0,0.8,0.1,,
State,7/6/2021,,,,,,38121,39,44.6,3.2,,,,,,2502,11,9.7,0.7,518,0,0.7,0,,
State,7/7/2021,,,,,,38196,75,46,3.3,,,,,,2507,5,9,0.6,519,1,0.7,0.1,,
State,7/8/2021,,,,,,38265,69,45.1,3.2,,,,,,2515,8,7.7,0.5,519,0,0.4,0,,
State,7/9/2021,,,,,,38379,114,,,,,,,,,,,,,,,,,
State,7/10/2021,,,,,,38481,102,,,,,,,,,,,,,,,,,
State,7/11/2021,,,,,,38544,63,60.4,4.3,,,,,,2524,9,8.4,0.6,521,2,0.7,0.1,,
State,7/12/2021,,,,,,38605,61,63,4.5,,,,,,,,,,,,,,,
State,7/13/2021,,,,,,38653,48,63,4.5,,,,,,,,,,,,,,,
State,7/14/2021,,,,,,38819,166,74.4,5.3,,,,,,2543,5,,,522,1,,,,
State,7/15/2021,,,,,,38966,147,86.1,6.1,,,,,,2550,7,,,523,1,,,,
State,7/18/2021,,,,,,39386,132,106.4,7.6,,,,,,2570,9,,,523,0,,,,
State,7/19/2021,,,,,,39486,100,112.9,8,,,,,,2585,15,,,523,0,,,,
State,7/20/2021,,,,,,39649,163,123.7,8.8,,,,,,2589,4,,,524,1,,,,
State,7/21/2021,,,,,,39892,243,134.7,9.6,,,,,,2598,9,,,527,3,,,,
State,7/22/2021,,,,,,40125,233,146.6,10.4,,,,,,2609,11,9.4,0.7,527,0,0.4,0,,
State,7/25/2021,,,,,,40822,163,184.6,13.1,,,,,,2633,2,7,0.5,529,0,0.5,0,,
State,7/26/2021,,,,,,40984,162,190.4,13.5,,,,,,2657,24,10.4,0.7,529,0,0.9,0.1,,
State,7/27/2021,,,,,,41069,85,184.4,13.1,,,,,,2672,15,10,0.7,532,3,1.1,0.1,,
State,7/28/2021,,,,,,41303,234,185.3,13.2,,,,,,2684,12,8.9,0.6,534,2,0.9,0.1,,
State,7/29/2021,,,,,,41925,622,230.4,16.4,,,,,,2694,10,10.7,0.8,537,3,1,0.1,,
State,8/2/2021,,,,,,43227,365,317.3,22.6,,,,,,2714,4,9.9,0.7,537,0,1,0.1,,
State,8/3/2021,,,,,,43616,389,348.9,24.8,,,,,,2756,42,16.4,1.2,538,1,1.3,0.1,,
State,8/4/2021,,,,,,43962,346,381.1,27.1,,,,,,2782,26,14.3,1,538,0,1.1,0.1,,
State,8/5/2021,,,,,,44617,655,436.3,31,,,,,,2803,21,12.6,0.9,538,0,1.1,0.1,,
State,8/6/2021,,,,,,45245,628,445.3,31.6,,,,,,2814,11,16.9,1.2,540,2,1.6,0.1,,
State,8/9/2021,,,,,,46940,437,500.3,35.6,,,,,,2848,9,16.9,1.2,543,3,1.7,0.1,,
State,8/10/2021,,,,,,47376,436,505.9,36,,,,,,2851,3,16.9,1.2,543,0,0.9,0.1,,
State,8/11/2021,,,,,,47848,472,531.6,37.8,,,,,,2927,76,27.1,1.9,545,2,1.1,0.1,,
State,8/12/2021,,,,,,48397,549,511.7,36.4,,,,,,2962,35,21.1,1.5,546,1,1,0.1,,
State,8/13/2021,,,,,,49564,1167,638.3,45.4,,,,,,2971,9,17.3,1.2,547,1,1,0.1,,
State,8/16/2021,,,,,,51739,539,652,46.3,,,,,,3034,4,21.4,1.5,552,5,1.7,0.1,,
State,8/17/2021,,,,,,52199,460,664.9,47.3,,,,,,3039,5,22.9,1.6,552,0,1.1,0.1,,
State,8/18/2021,,,,,,52846,647,679.7,48.3,,,,,,3078,39,26,1.8,554,2,1.6,0.1,,
State,8/19/2021,,,,,,53598,752,713.1,50.7,,,,,,3138,60,28,2,558,4,2.3,0.2,,
State,8/20/2021,,,,,,54443,845,660.9,47,,,,,,3149,60,27.4,1.9,562,4,1.9,0.1,,
State,8/23/2021,,,,,,56670,571,671,47.7,,,,,,3211,7,25,1.8,564,2,1.9,0.1,,
State,8/24/2021,,,,,,57235,565,688.1,48.9,,,,,,3220,9,23,1.6,565,1,2,0.1,,
State,8/25/2021,,,,,,57747,625,687.4,48.9,,,,,,3251,35,30.3,2.1,573,8,3.4,0.2,,
State,8/26/2021,,,,,,58578,831,700.6,49.8,,,,,,3288,37,30.3,2.1,573,0,2.4,0.2,,
State,8/27/2021,,,,,,59613,1035,727.4,51.7,,,,,,3359,71,35.9,2.5,582,9,3.1,0.2,,
State,8/30/2021,,,,,,62949,720,874.4,62.1,,,,,,3446,2,30.3,2.1,589,0,3,0.2,,
State,8/31/2021,,,,,,63502,553,876.9,62.3,,,,,,3506,60,38.3,2.7,589,0,2.7,0.2,,
State,9/1/2021,,,,,,63957,455,858.3,61,,,,,,3576,70,41.3,2.9,602,13,5.3,0.4,,
State,9/3/2021,,,,,,65890,865,867.1,61.6,,,,,,3613,37,28.3,2,613,11,4.4,0.3,,
State,9/4/2021,,,,,,66778,888,852,60.6,,,,,,3661,48,37.4,2.6,614,1,2.7,0.2,,
State,9/5/2021,,,,,,67509,731,726.6,51.6,,,,,,3675,14,41.3,2.9,624,10,5.7,0.4,,
State,9/6/2021,,,,,,68265,756,721.3,51.3,,,,,,3676,15,41.7,2.9,626,2,5,0.4,,
State,9/7/2021,,,,,,68764,499,706,50.2,,,,,,3687,11,42.7,3,626,0,4.9,0.3,,
State,9/8/2021,,,,,,69144,380,704.7,50.1,,,,,,3794,107,48.3,3.4,626,0,5,0.4,,
State,9/9/2021,,,,,,69573,429,616.6,43.8,,,,,,3822,28,38.9,2.7,633,7,6.3,0.4,,
State,9/10/2021,,,,,,70320,747,605.7,43,,,,,,3805,-17,25.4,1.8,641,8,6.4,0.5,,
State,9/11/2021,,,,,,71156,836,609.3,43.3,,,,,,3822,17,17,1.2,653,12,5.1,0.4,,
State,9/12/2021,,,,,,71891,735,609,43.3,,,,,,3848,26,35.6,2.5,660,7,3.9,0.3,,
State,9/13/2021,,,,,,72352,461,573.1,40.7,,,,,,3862,14,24.6,1.7,660,0,3.9,0.3,,
State,9/14/2021,,,,,,72775,423,557,39.6,,,,,,3883,21,26,1.8,660,0,4.1,0.3,,
State,9/15/2021,,,,,,73268,493,566,40.2,,,,,,3945,62,33.4,2.4,671,11,6.4,0.5,,
State,9/16/2021,,,,,,73856,588,588.7,41.8,,,,,,3980,35,30,2.1,679,8,6,0.4,,
State,9/17/2021,,,,,,74437,581,562.9,40,,,,,,3981,1,12.9,0.9,694,15,7,0.5,,
State,9/18/2021,,,,,,75006,569,530.4,37.7,,,,,,4001,20,20.4,1.4,702,8,6.6,0.5,,
State,9/19/2021,,,,,,75480,474,495.4,35.2,,,,,,4036,35,30,2.1,714,12,7.1,0.5,,
State,9/20/2021,,,,,,75911,431,483.9,34.4,,,,,,4068,32,27.3,1.9,714,0,5.9,0.4,,
State,9/21/2021,,,,,,76191,280,465,33,,,,,,4089,21,24.9,1.7,714,0,6,0.4,,
State,9/22/2021,,,,,,76521,330,443.1,31.5,,,,,,4136,47,31.6,2.2,726,12,9.4,0.7,,
State,9/23/2021,,,,,,76966,445,420.9,29.9,,,,,,4167,31,30.9,2.2,738,12,9.4,0.7,,
State,9/24/2021,,,,,,77369,403,392.6,27.9,,,,,,4187,20,23.4,1.6,747,9,7.4,0.5,,
State,9/25/2021,,,,,,77777,408,380.7,27.1,,,,,,4214,27,26.1,1.8,747,0,6.7,0.5,,
State,9/26/2021,,,,,,78149,372,364.9,25.9,,,,,,4229,15,28.7,2,757,10,7.7,0.5,,
State,9/27/2021,,,,,,78404,255,339.3,24.1,,,,,,4249,20,29.4,2.1,757,0,6.4,0.5,,
State,9/28/2021,,,,,,78644,240,332.7,23.6,,,,,,4273,24,28.9,2,757,0,4.7,0.3,,
State,9/29/2021,,,,,,78874,230,324.6,23.1,,,,,,4310,37,28.3,2,770,14,8.1,0.6,,
State,9/30/2021,,,,,,79206,332,306.6,21.8,,,,,,4310,0,22.9,1.6,782,12,7.9,0.6,,
State,10/1/2021,,,,,,79572,366,301.1,21.4,,,,,,4333,23,22.9,1.6,789,7,5.4,0.4,,
State,10/2/2021,,,,,,79851,279,285.1,20.3,,,,,,4352,19,23.1,1.6,801,12,6.4,0.5,,
State,10/3/2021,,,,,,80128,277,271.9,19.3,,,,,,4371,19,20.3,1.4,808,7,6.1,0.4,,
State,10/4/2021,,,,,,80323,195,259.1,18.4,,,,,,4382,11,18.6,1.3,811,3,6.6,0.5,,
State,10/5/2021,,,,,,80414,91,239.3,17,,,,,,4394,12,19.3,1.4,811,0,6.4,0.5,,
State,10/6/2021,,,,,,80582,168,228.6,16.2,,,,,,4422,28,21.4,1.5,818,7,8.4,0.6,,
State,10/7/2021,,,,,,80886,304,222.3,15.8,,,,,,4444,22,18.7,1.3,826,8,9,0.6,,
State,10/8/2021,,,,,,81087,201,199.1,14.2,,,,,,4477,33,16.7,1.2,833,7,6.9,0.5,,
State,10/9/2021,,,,,,81283,196,191.6,13.6,,,,,,4487,10,17.4,1.2,837,4,5.7,0.4,,
State,10/10/2021,,,,,,81501,218,177.1,12.6,,,,,,4498,11,17.4,1.2,841,4,5.9,0.4,,
State,10/11/2021,,,,,,81614,113,167.7,11.9,,,,,,4510,12,19.6,1.4,845,4,5.1,0.4,,
State,10/12/2021,,,,,,81663,49,163.1,11.6,,,,,,4518,8,17.7,1.2,845,0,4.1,0.3,,
State,10/13/2021,,,,,,81790,127,154.7,11,,,,,,4536,18,19.1,1.3,851,6,5.1,0.4,,
State,10/14/2021,,,,,,81954,164,136.3,9.7,,,,,,4552,16,18.9,1.3,857,6,5.7,0.4,,
State,10/15/2021,,,,,,82110,156,129.9,9.2,,,,,,4569,17,16.1,1.1,862,5,4.6,0.3,,
State,10/16/2021,,,,,,82250,140,125.4,8.9,,,,,,4575,6,14,1,866,4,4.1,0.3,,
State,10/17/2021,,,,,,82394,144,116.6,8.3,,,,,,4587,12,12.4,0.9,872,6,4.3,0.3,,
State,10/18/2021,,,,,,82511,117,115,8.2,,,,,,4592,5,12.4,0.9,876,4,4.1,0.3,,
State,10/19/2021,,,,,,82591,80,116.9,8.3,,,,,,4595,3,11.4,0.8,876,0,3.6,0.3,,
State,10/20/2021,,,,,,82730,139,118.7,8.4,,,,,,4610,15,13.1,0.9,876,0,3.9,0.3,,
State,10/21/2021,,,,,,82886,156,117.4,8.3,,,,,,4619,9,11.9,0.8,880,4,5,0.4,,
State,10/22/2021,,,,,,83020,134,114.7,8.2,,,,,,4629,10,9.9,0.7,883,3,4,0.3,,
State,10/23/2021,,,,,,83188,168,127,9,,,,,,4642,13,10.1,0.7,885,2,3,0.2,,
State,10/24/2021,,,,,,83351,163,124.9,8.9,,,,,,4648,6,8,0.6,888,3,3,0.2,,
State,10/25/2021,,,,,,83448,97,120.9,8.6,,,,,,4657,9,9,0.6,888,0,2.4,0.2,,
State,10/26/2021,,,,,,83522,74,120.9,8.6,,,,,,4664,7,8.9,0.6,888,0,1.9,0.1,,
State,10/27/2021,,,,,,83706,184,124.6,8.9,,,,,,4682,18,10.6,0.7,889,1,1.9,0.1,,
State,10/28/2021,,,,,,83832,126,121.3,8.6,,,,,,4696,14,10.9,0.8,891,2,2,0.1,,
State,10/29/2021,,,,,,83987,155,122.9,8.7,,,,,,4710,14,9.7,0.7,896,5,2.4,0.2,,
State,10/30/2021,,,,,,84143,156,119.6,8.5,,,,,,4735,25,12.6,0.9,906,10,2.7,0.2,,
State,10/31/2021,,,,,,84295,152,118.7,8.4,,,,,,4741,6,10.4,0.7,916,10,2.6,0.2,,
State,11/1/2021,,,,,,84364,69,115,8.2,,,,,,4751,10,11.1,0.8,916,0,1.6,0.1,,
State,11/2/2021,,,,,,84402,38,112.4,8,,,,,,4756,5,13.1,0.9,916,0,2.6,0.2,,
State,11/3/2021,,,,,,84578,176,108,7.7,,,,,,4766,10,13.4,0.9,919,3,4.4,0.3,,
State,11/4/2021,,,,,,84690,112,103.3,7.3,,,,,,4779,13,14.3,1,932,13,5.9,0.4,,
State,11/5/2021,,,,,,84814,124,98.3,7,,,,,,4788,9,11.9,0.8,944,12,5.6,0.4,,
State,11/6/2021,,,,,,84911,97,95.9,6.8,,,,,,4809,21,13,0.9,950,6,4.9,0.3,,
State,11/7/2021,,,,,,85045,134,95.6,6.8,,,,,,4825,16,12.1,0.9,962,12,6.9,0.5,,
State,11/8/2021,,,,,,85139,94,98.6,7,,,,,,4832,7,8.6,0.6,962,0,5.4,0.4,,
State,11/9/2021,,,,,,85218,79,103.9,7.4,,,,,,4833,1,9.9,0.7,962,0,4.9,0.3,,
State,11/10/2021,,,,,,85360,142,98.7,7,,,,,,4848,15,12.7,0.9,968,6,7.4,0.5,,
State,11/11/2021,,,,,,85490,130,100.7,7.2,,,,,,4866,18,13.4,0.9,971,3,7,0.5,,
State,11/12/2021,,,,,,85628,138,100.9,7.2,,,,,,4881,15,11.7,0.8,976,5,6.9,0.5,,
State,11/13/2021,,,,,,85709,81,102.4,7.3,,,,,,4885,4,10.4,0.7,976,0,5.1,0.4,,
State,11/14/2021,,,,,,85790,81,93.9,6.7,,,,,,4900,15,13.3,0.9,977,1,4,0.3,,
State,11/15/2021,,,,,,85885,95,91.4,6.5,,,,,,4901,1,10.4,0.7,977,0,3.7,0.3,,
State,11/16/2021,,,,,,85948,63,87.7,6.2,,,,,,4916,15,10.7,0.8,977,0,2,0.1,,
State,11/17/2021,,,,,,86090,142,88,6.3,,,,,,4918,2,10,0.7,985,8,3.3,0.2,,
State,11/18/2021,,,,,,86316,226,97.3,6.9,,,,,,4934,16,12,0.8,992,7,3.1,0.2,,
State,11/19/2021,,,,,,86522,206,108.7,7.7,,,,,,4953,19,12.4,0.9,998,6,2.1,0.2,,
State,11/20/2021,,,,,,86740,218,119,8.5,,,,,,4960,7,8.4,0.6,1002,4,2.6,0.2,,
State,11/21/2021,,,,,,86847,107,116.9,8.3,,,,,,4981,21,10.6,0.7,1002,0,2.3,0.2,,
State,11/22/2021,,,,,,86939,92,113.1,8,,,,,,4982,1,9.9,0.7,1002,0,3.1,0.2,,
State,11/23/2021,,,,,,86991,52,112.1,8,,,,,,4979,-3,8.1,0.6,1002,0,3.6,0.3,,
State,11/24/2021,,,,,,87106,115,108,7.7,,,,,,4993,14,13.4,0.9,1008,6,4.4,0.3,,
State,11/25/2021,,,,,,87183,77,100.9,7.2,,,,,,5006,13,11.3,0.8,1014,6,4.4,0.3,,
State,11/26/2021,,,,,,87210,27,82.3,5.8,,,,,,5015,9,10,0.7,1015,1,2.6,0.2,,
State,11/27/2021,,,,,,87345,135,84.1,6,,,,,,5018,3,8.9,0.6,1015,0,2.3,0.2,,
State,11/28/2021,,,,,,87514,169,84.9,6,,,,,,5030,12,9.3,0.7,1018,3,2.7,0.2,,
State,11/29/2021,,,,,,87585,71,82,5.8,,,,,,5028,-2,7.6,0.5,1018,0,1.9,0.1,,
State,11/30/2021,,,,,,87664,79,84.6,6,,,,,,5029,1,5.4,0.4,1018,0,1.9,0.1,,
State,12/1/2021,,,,,,87772,108,78.3,5.6,,,,,,5040,11,8.4,0.6,1026,8,3.4,0.2,,
State,12/2/2021,,,,,,87898,126,83.1,5.9,,,,,,5045,5,7.7,0.5,1027,1,2.4,0.2,,
State,12/3/2021,,,,,,88023,125,93.9,6.7,,,,,,5055,10,6.6,0.5,1028,1,1.6,0.1,,
State,12/4/2021,,,,,,88147,124,90.7,6.4,,,,,,5063,8,6,0.4,1032,4,2.3,0.2,,
State,12/5/2021,,,,,,88295,148,90.4,6.4,,,,,,5076,13,6.1,0.4,1033,1,1.9,0.1,,
State,12/6/2021,,,,,,88385,90,92.9,6.6,,,,,,5083,7,6.3,0.4,1033,0,1.9,0.1,,
State,12/7/2021,,,,,,88440,55,90.1,6.4,,,,,,5087,4,5.3,0.4,1033,0,2,0.1,,
State,12/8/2021,,,,,,88512,72,88.1,6.3,,,,,,5086,-1,6.7,0.5,1039,6,3,0.2,,
State,12/9/2021,,,,,,88655,143,91.6,6.5,,,,,,5100,14,9.7,0.7,1040,1,2.3,0.2,,
State,12/10/2021,,,,,,88825,170,98.4,7,,,,,,5102,2,7,0.5,1045,5,1.7,0.1,,
State,12/11/2021,,,,,,89014,189,111,7.9,,,,,,5112,10,7.3,0.5,1053,8,2.9,0.2,,
State,12/12/2021,,,,,,89229,215,124.1,8.8,,,,,,5120,8,7.6,0.5,1058,5,2.4,0.2,,
State,12/13/2021,,,,,,89379,150,129,9.2,,,,,,5126,6,6.4,0.5,1058,0,1.9,0.1,,
State,12/14/2021,,,,,,89593,214,152.4,10.8,,,,,,5127,1,5.3,0.4,1058,0,2.9,0.2,,
State,12/15/2021,,,,,,89875,282,179.7,12.8,,,,,,5138,11,6.9,0.5,1063,5,4.3,0.3,,
State,12/16/2021,,,,,,90270,395,209.7,14.9,,,,,,5146,8,6.7,0.5,1065,2,3.9,0.3,,
State,12/17/2021,,,,,,91067,797,296.6,21.1,,,,,,5152,6,6.7,0.5,1067,2,3,0.2,,X
